{"stats":{"minecraft:dropped":{"minecraft:iron_sword":1,"graveyard:upper_bone_staff":1,"minecraft:birch_planks":1,"minecraft:cooked_beef":2,"duneons:melondirt":6,"minecraft:glass_bottle":5,"travelersbackpack:blue_sleeping_bag":1,"minecraft:cracked_stone_bricks":5,"minecraft:dirt":10,"minecraft:dark_oak_planks":1,"minecraft:bone":14,"minecraft:gold_ingot":1,"mcwdoors:garage_silver_door":1,"minecraft:sugar_cane":4,"minecraft:iron_nugget":24,"expanded_structures:corrupted_fence":1,"minecraft:deepslate_brick_slab":21,"minecraft:rotten_flesh":8,"minecraft:oak_planks":1,"minecraft:music_disc_far":1,"minecraft:carrot":3,"minecraft:chiseled_stone_bricks":1,"minecraft:leather_chestplate":3,"minecraft:gunpowder":1,"minecraft:oak_wood":1,"minecraft:hopper":1,"minecraft:leather_boots":1,"minecraft:arrow":4,"minecraft:glass":1,"minecraft:stone_brick_stairs":1,"minecraft:lectern":2,"minecraft:bread":1,"minecraft:wheat_seeds":4,"toughasnails:rain_collector":1,"minecraft:tnt":6,"minecraft:mossy_cobblestone":3,"minecraft:feather":5,"minecraft:cobblestone":37,"minecraft:book":2,"securitycraft:keycard_holder":1,"minecraft:acacia_log":2,"minecraft:grass_block":1,"minecraft:stick":2,"twilightforest:darkwood_sapling":1,"minecraft:potion":33,"minecraft:oak_stairs":1,"expanded_structures:smashed_pumpkin":2,"minecraft:flowering_azalea":1,"minecraft:chainmail_leggings":1,"minecraft:string":8,"minecraft:bucket":5,"minecraft:stone_sword":1,"minecraft:cobbled_deepslate_slab":7,"minecraft:suspicious_stew":1,"securitycraft:universal_block_remover":1,"minecraft:diamond_sword":1,"aether:chainmail_gloves":1,"minecraft:diamond_chestplate":1,"minecraft:diamond_pickaxe":1,"minecraft:spider_eye":1,"minecraft:bamboo":5,"securitycraft:universal_block_reinforcer_lvl1":1},"minecraft:used":{"minecraft:music_disc_far":5,"minecraft:light_blue_banner":3,"duneons:lamppostdown":7,"expanded_structures:corrupted_log":1,"minecraft:smooth_quartz_slab":8,"minecraft:spruce_slab":110,"minecraft:poppy":2,"minecraft:oak_sign":11,"minecraft:shield":29,"minecraft:chest":14,"minecraft:brick_slab":23,"minecraft:nether_bricks":1,"minecraft:carrot":3,"minecraft:music_disc_13":5,"minecraft:glass":57,"duneons:melondirt":6,"minecraft:lava_bucket":18,"minecraft:bricks":33,"minecraft:quartz_pillar":5,"minecraft:red_wool":3,"minecraft:lantern":52,"minecraft:grass_block":760,"minecraft:birch_sapling":1,"minecraft:dark_oak_slab":92,"duneons:briker_stairs":18,"minecraft:stone_brick_stairs":48,"minecraft:red_stained_glass_pane":788,"fantasyfurniture:royal/table_wide":4,"minecraft:red_carpet":21,"minecraft:brown_carpet":1,"minecraft:redstone_lamp":3,"minecraft:oak_sapling":30,"minecraft:acacia_fence":3,"twilightforest:oak_banister":8,"minecraft:gray_banner":1,"slabsexpanded:white_concrete_slab":130,"minecraft:damaged_anvil":9,"minecraft:spruce_door":1,"minecraft:stripped_acacia_log":1,"minecraft:oak_planks":556,"minecraft:leather_chestplate":8,"minecraft:black_glazed_terracotta":1,"minecraft:redstone_block":2,"minecraft:diamond_axe":571,"duneons:stonehorse":1,"toughasnails:water_canteen":103,"minecraft:golden_apple":1,"minecraft:white_wool":1,"minecraft:dark_oak_trapdoor":2,"minecraft:stone_brick_wall":40,"minecraft:gray_concrete":112,"securitycraft:universal_block_remover":1,"minecraft:note_block":4,"minecraft:cobbled_deepslate_stairs":1,"minecraft:cyan_carpet":6,"minecraft:stone_button":1,"minecraft:daylight_detector":5,"minecraft:birch_slab":153,"minecraft:light_gray_concrete":172,"minecraft:bread":28,"minecraft:cyan_bed":1,"duneons:cubebanner":4,"minecraft:flowering_azalea_leaves":93,"minecraft:diamond_sword":491,"minecraft:chainmail_boots":1,"minecraft:andesite":20,"minecraft:air":7,"minecraft:white_concrete":2327,"minecraft:rose_bush":28,"minecraft:iron_bars":3,"minecraft:red_concrete":635,"minecraft:stone_shovel":25,"minecraft:spruce_planks":114,"minecraft:wooden_shovel":62,"minecraft:orange_bed":8,"minecraft:torch":34,"minecraft:brewing_stand":4,"minecraft:dirt":3,"twilightforest:canopy_boat":1,"minecraft:hopper":26,"toughasnails:empty_canteen":17,"minecraft:golden_chestplate":4,"minecraft:granite":1,"minecraft:spruce_fence":7,"minecraft:birch_door":10,"minecraft:sea_lantern":860,"minecraft:flowering_azalea":2,"minecraft:chipped_anvil":4,"minecraft:bookshelf":2,"expanded_structures:block_stand":13,"minecraft:barrel":2,"minecraft:diamond_chestplate":8,"minecraft:golden_carrot":6,"minecraft:cooked_beef":36,"duneons:highblockhallsdoor":2,"minecraft:calcite":3,"minecraft:cooked_mutton":12,"minecraft:water_bucket":85,"minecraft:birch_planks":2528,"duneons:statue":1,"minecraft:glass_bottle":235,"minecraft:polished_andesite":2,"minecraft:baked_potato":53,"minecraft:cauldron":2,"minecraft:mossy_cobblestone":2,"minecraft:terracotta":2,"minecraft:crafting_table":4,"minecraft:music_disc_cat":3,"toughasnails:rain_collector":2,"minecraft:oak_slab":115,"minecraft:red_bed":3,"duneons:ghostspookyarmor_helmet":1,"minecraft:smoker":1,"minecraft:oak_log":2,"minecraft:piston":2,"minecraft:acacia_stairs":18,"minecraft:diamond_pickaxe":265,"minecraft:apple":1,"expanded_structures:voided_wood_log":2,"minecraft:leather_helmet":1,"minecraft:spruce_trapdoor":34,"mcwdoors:garage_silver_door":18,"minecraft:spruce_sapling":15,"fantasyfurniture:furniture_station":2,"minecraft:cobbled_deepslate_slab":7,"minecraft:cobblestone":48,"minecraft:potion":223,"born_in_chaos_v1:tombstone_dark_titan_066":1,"travelersbackpack:standard":106,"minecraft:white_banner":1,"minecraft:cooked_porkchop":26,"minecraft:bucket":82,"toughasnails:purified_water_canteen":30,"duneons:featherblue":1,"securitycraft:reinforced_birch_planks":1,"minecraft:dandelion":1,"alexsmobs:animal_dictionary":2,"minecraft:diamond_leggings":3,"minecraft:jukebox":5},"minecraft:crafted":{"minecraft:oak_planks":496,"minecraft:barrel":3,"fantasyfurniture:furniture_station":1,"travelersbackpack:crafting_upgrade":1,"minecraft:bookshelf":4,"minecraft:cooked_mutton":5,"minecraft:glass":27,"minecraft:chest":10,"minecraft:acacia_fence":3,"minecraft:birch_door":6,"minecraft:smoker":1,"minecraft:oak_slab":60,"travelersbackpack:iron_tier_upgrade":1,"minecraft:emerald":39,"toughasnails:rain_collector":2,"minecraft:diamond_axe":1,"minecraft:crafting_table":4,"minecraft:spruce_planks":72,"travelersbackpack:standard":5,"minecraft:baked_potato":50,"minecraft:red_wool":7,"minecraft:gold_block":8,"minecraft:birch_planks":68,"travelersbackpack:red_sleeping_bag":1,"minecraft:lectern":2,"minecraft:diamond_pickaxe":1,"minecraft:emerald_block":2,"minecraft:stick":9,"minecraft:iron_ingot":30,"minecraft:gold_ingot":70,"toughasnails:empty_canteen":1,"minecraft:stone_shovel":1,"minecraft:furnace":1,"travelersbackpack:gold_tier_upgrade":1,"travelersbackpack:blank_upgrade":4,"minecraft:spruce_slab":12,"travelersbackpack:diamond_tier_upgrade":1,"minecraft:cooked_beef":3,"minecraft:red_dye":7,"travelersbackpack:backpack_tank":4,"twilightforest:oak_banister":3,"minecraft:bucket":1,"minecraft:acacia_stairs":4,"minecraft:enchanted_book":1,"minecraft:air":0,"minecraft:acacia_planks":12,"minecraft:torch":4},"minecraft:killed":{"born_in_chaos_v1:restless_spirit":1,"born_in_chaos_v1:zombie_lumberjack":2,"expanded_structures:buman":1,"minecraft:spider":6,"minecraft:skeleton":9,"duneons:vangruardskeleton":1,"minecraft:pig":7,"minecraft:sheep":3,"minecraft:pillager":1,"minecraft:zombie":22,"born_in_chaos_v1:dread_hound":2,"born_in_chaos_v1:corpse_fly":1,"minecraft:cow":10,"born_in_chaos_v1:zombie_bruiser":1,"born_in_chaos_v1:maggot":3,"minecraft:phantom":1,"minecraft:horse":6,"born_in_chaos_v1:corpse_fish":1,"born_in_chaos_v1:baby_skeleton":1,"minecraft:ravager":1,"born_in_chaos_v1:bloody_gadfly":1},"minecraft:picked_up":{"minecraft:birch_door":4,"minecraft:wheat":3,"minecraft:redstone_block":2,"minecraft:chainmail_boots":1,"minecraft:suspicious_stew":1,"minecraft:flower_pot":2,"minecraft:lead":3,"minecraft:diamond_sword":8,"minecraft:oak_stairs":3,"minecraft:potion":43,"minecraft:enchanted_book":2,"securitycraft:keycard_holder":1,"minecraft:stone_brick_stairs":3,"minecraft:brewing_stand":4,"duneons:highblockhallsdoor":2,"duneons:battlerobe_chestplate":1,"expanded_structures:corrupted_fence":1,"minecraft:music_disc_cat":3,"minecraft:string":19,"minecraft:dark_oak_trapdoor":2,"aether:diamond_gloves":8,"minecraft:experience_bottle":53,"minecraft:diamond_leggings":6,"minecraft:gold_nugget":67,"minecraft:bucket":6,"minecraft:spruce_planks":22,"securitycraft:keycard_lv1":1,"minecraft:rose_bush":43,"minecraft:calcite":3,"duneons:fishbox":2,"minecraft:stick":14,"minecraft:jukebox":5,"expanded_structures:voided_trap_door":1,"twilightforest:oak_banister":5,"minecraft:torch":11,"minecraft:brick_wall":1,"minecraft:acacia_log":4,"minecraft:spruce_stairs":4,"expanded_structures:voided_wood_log":8,"duneons:magicwand":1,"duneons:cubebanner":5,"minecraft:golden_chestplate":5,"fantasyfurniture:furniture_station":1,"minecraft:brown_carpet":1,"minecraft:orange_bed":8,"minecraft:stone_sword":1,"minecraft:rotten_flesh":15,"expanded_structures:block_stand":13,"minecraft:red_tulip":1,"duneons:soul_scythe":1,"minecraft:bookshelf":2,"duneons:scarecrow":6,"duneons:archerarmor_helmet":3,"duneons:goldmace":1,"expanded_structures:light_crystal":1,"minecraft:deepslate_brick_stairs":1,"duneons:statue":1,"minecraft:iron_bars":7,"duneons:ghostspookyarmor_chestplate":3,"minecraft:cobblestone":126,"minecraft:birch_log":37,"minecraft:leather_chestplate":6,"minecraft:feather":2,"minecraft:cooked_beef":45,"born_in_chaos_v1:spiritual_dust":1,"minecraft:water_bucket":7,"minecraft:potato":119,"duneons:melondirt":12,"duneons:purplevangardpotion":1,"minecraft:dirt":30,"minecraft:lantern":2,"minecraft:name_tag":3,"born_in_chaos_v1:monster_skin":2,"minecraft:leather_boots":2,"minecraft:bone":25,"minecraft:chipped_anvil":4,"minecraft:wheat_seeds":22,"minecraft:deepslate_brick_slab":22,"minecraft:cobbled_deepslate_slab":16,"minecraft:bamboo":5,"expanded_structures:corrupted_log":79,"minecraft:oak_planks":82,"toughasnails:purified_water_canteen":1,"duneons:red_stone_golem_skull":1,"minecraft:cooked_porkchop":14,"minecraft:music_disc_13":6,"mcwdoors:garage_silver_door":1,"minecraft:sand":27,"minecraft:cyan_bed":1,"minecraft:grass_block":1,"minecraft:fermented_spider_eye":1,"minecraft:acacia_stairs":15,"alexsmobs:animal_dictionary":4,"minecraft:barrel":1,"minecraft:mossy_cobblestone":7,"securitycraft:universal_block_remover":1,"graveyard:upper_bone_staff":1,"minecraft:stripped_acacia_log":4,"minecraft:polished_andesite":2,"toughasnails:water_canteen":3,"minecraft:diamond":6,"minecraft:granite":1,"minecraft:golden_apple":66,"minecraft:bone_meal":3,"duneons:lamppostdown":10,"minecraft:emerald":236,"minecraft:bread":37,"alexsmobs:maggot":2,"minecraft:oak_sapling":30,"born_in_chaos_v1:rotten_fish":3,"minecraft:bricks":2,"minecraft:diamond_pickaxe":9,"duneons:archerarmor_chestplate":3,"minecraft:mud":1,"minecraft:crafting_table":2,"minecraft:clay_ball":10,"minecraft:redstone_lamp":6,"minecraft:gold_block":10,"duneons:guardianbow":1,"minecraft:diamond_horse_armor":1,"minecraft:chain":1,"minecraft:brick":8,"minecraft:shield":2,"minecraft:cornflower":1,"minecraft:moss_carpet":1,"expanded_structures:corrupted_slab":1,"minecraft:compass":1,"minecraft:cyan_carpet":6,"expanded_structures:corrupted_stairs":1,"minecraft:cracked_stone_bricks":6,"minecraft:beef":3,"expanded_structures:smashed_pumpkin":5,"minecraft:player_head":3,"duneons:elytepowerbow":3,"minecraft:iron_nugget":24,"minecraft:poppy":526,"minecraft:sugar_cane":4,"minecraft:chest":4,"minecraft:birch_sapling":1,"minecraft:egg":4,"toughasnails:rain_collector":1,"minecraft:raw_iron":1,"expanded_structures:waffle_cone_crumbs":2,"expanded_structures:corrupted_doubloon":2,"securitycraft:reinforced_birch_planks":1,"minecraft:note_block":4,"minecraft:spruce_fence":7,"minecraft:quartz_pillar":5,"expanded_structures:corrupted_planks":1,"minecraft:stone_button":1,"graveyard:dark_iron_bars":1,"minecraft:carrot":10,"duneons:skeletonspear":3,"minecraft:dark_oak_planks":2,"toughasnails:empty_canteen":1,"minecraft:tnt":8,"minecraft:arrow":19,"expanded_structures:incidious_stump":6,"minecraft:stone_shovel":1,"minecraft:diamond_chestplate":3,"minecraft:nether_bricks":1,"minecraft:saddle":1,"minecraft:gold_ingot":19,"minecraft:black_banner":5,"minecraft:mutton":5,"minecraft:white_wool":13,"twilightforest:darkwood_sapling":1,"duneons:stonehorse":1,"born_in_chaos_v1:corpse_maggot":8,"minecraft:golden_carrot":7,"born_in_chaos_v1:monster_flesh":3,"duneons:ghostspookyarmor_helmet":5,"minecraft:leather":26,"minecraft:birch_planks":38,"duneons:bubblebowspooky_2":1,"minecraft:oak_log":166,"minecraft:gunpowder":5,"minecraft:cobbled_deepslate_stairs":2,"expanded_structures:stripped_corrupted_log":1,"minecraft:white_banner":2,"minecraft:cooked_mutton":13,"minecraft:coast_armor_trim_smithing_template":2,"minecraft:red_carpet":25,"minecraft:light_blue_banner":3,"minecraft:apple":1,"duneons:crumsoncoresword":1,"minecraft:wild_armor_trim_smithing_template":2,"minecraft:rabbit_hide":3,"minecraft:music_disc_far":6,"minecraft:iron_ingot":342,"minecraft:stone_pickaxe":3,"minecraft:cooked_chicken":2,"securitycraft:universal_block_reinforcer_lvl1":1,"minecraft:glass_bottle":6,"minecraft:iron_sword":2,"minecraft:flowering_azalea":3,"minecraft:dark_oak_stairs":7,"minecraft:book":152,"duneons:keydiamond":1,"minecraft:oak_slab":49,"minecraft:dark_oak_slab":2,"minecraft:emerald_block":4,"minecraft:chiseled_stone_bricks":1,"minecraft:red_wool":19,"born_in_chaos_v1:ethereal_spirit":4,"minecraft:dandelion":1,"travelersbackpack:blue_sleeping_bag":1,"minecraft:spruce_sapling":15,"minecraft:spruce_log":2,"minecraft:sea_lantern":1,"minecraft:spruce_door":1,"minecraft:spider_eye":10,"minecraft:leather_helmet":1,"travelersbackpack:standard":15,"minecraft:gray_banner":1,"duneons:featherblue":1,"minecraft:chainmail_leggings":3,"expanded_structures:sandy_refined_brick":1,"minecraft:diamond_axe":9,"born_in_chaos_v1:tombstone_dark_titan_066":1,"minecraft:terracotta":2,"minecraft:baked_potato":34,"minecraft:acacia_slab":1,"duneons:miniredstonegolem":1,"minecraft:damaged_anvil":9,"minecraft:black_wool":3,"minecraft:coal":12,"minecraft:ender_pearl":3},"minecraft:broken":{"minecraft:golden_chestplate":1,"minecraft:leather_helmet":1,"toughasnails:water_canteen":11,"minecraft:leather_chestplate":1,"toughasnails:purified_water_canteen":6},"minecraft:custom":{"minecraft:interact_with_crafting_table":82,"minecraft:open_barrel":8,"minecraft:open_shulker_box":14,"minecraft:eat_cake_slice":2,"minecraft:leave_game":23,"minecraft:time_since_death":244259,"minecraft:sprint_one_cm":2018085,"minecraft:damage_blocked_by_shield":2848,"minecraft:drop":139,"minecraft:play_noteblock":11,"minecraft:talked_to_villager":37,"minecraft:play_time":1840566,"minecraft:deaths":8,"minecraft:jump":8746,"minecraft:walk_on_water_one_cm":121553,"minecraft:interact_with_furnace":39,"minecraft:play_record":13,"minecraft:traded_with_villager":13,"minecraft:sleep_in_bed":25,"minecraft:damage_dealt":16941,"minecraft:crouch_one_cm":46183,"minecraft:interact_with_smoker":12,"minecraft:inspect_dispenser":1,"minecraft:interact_with_smithing_table":14,"minecraft:interact_with_anvil":3,"minecraft:mob_kills":113,"minecraft:inspect_hopper":3,"minecraft:damage_dealt_resisted":355,"minecraft:climb_one_cm":3396,"minecraft:walk_one_cm":2829490,"minecraft:sneak_time":30604,"minecraft:walk_under_water_one_cm":151711,"minecraft:boat_one_cm":3870,"minecraft:interact_with_blast_furnace":13,"minecraft:total_world_time":1840566,"minecraft:tune_noteblock":224,"minecraft:raid_trigger":15,"minecraft:interact_with_grindstone":2,"minecraft:time_since_rest":85166,"minecraft:damage_taken":17670,"minecraft:swim_one_cm":124632,"minecraft:fly_one_cm":4707736,"minecraft:open_chest":327,"minecraft:fall_one_cm":229067},"minecraft:mined":{"minecraft:dark_oak_planks":1,"minecraft:spruce_planks":26,"minecraft:oak_sapling":3,"minecraft:cobbled_deepslate_stairs":1,"duneons:ashblock":5,"twilightforest:oak_banister":5,"minecraft:brewing_stand":4,"duneons:charredstone":5,"minecraft:granite":5,"minecraft:grass_block":16,"minecraft:yellow_carpet":2,"minecraft:gray_banner":1,"expanded_structures:chiseled_bricked_pumpkin":1,"minecraft:deepslate_bricks":1,"expanded_structures:stripped_corrupted_log":1,"minecraft:chiseled_stone_bricks":2,"minecraft:spawner":11,"duneons:fishbox":1,"expanded_structures:sandy_refined_brick":1,"minecraft:mossy_cobblestone_slab":1,"minecraft:dark_oak_trapdoor":2,"minecraft:barrel":1,"minecraft:cobbled_deepslate":1,"minecraft:fire":3,"minecraft:moss_carpet":1,"minecraft:dark_oak_stairs":7,"minecraft:flowering_azalea_leaves":3,"minecraft:oak_stairs":1,"minecraft:iron_bars":11,"minecraft:deepslate_brick_stairs":1,"minecraft:green_carpet":2,"duneons:cubebanner":4,"duneons:glowmelonroot":7,"minecraft:orange_bed":8,"duneons:strongcolon":1,"minecraft:player_head":1,"duneons:mossstoneblock":4,"expanded_structures:block_stand":12,"expanded_structures:corrupted_slab":1,"minecraft:powder_snow":15,"expanded_structures:voided_wood_log":4,"duneons:burned_planks":1,"minecraft:note_block":4,"expanded_structures:corrupted_planks":1,"minecraft:calcite":3,"minecraft:poppy":5,"minecraft:chest":3,"minecraft:cobblestone":5,"minecraft:damaged_anvil":9,"minecraft:cyan_bed":1,"minecraft:oak_planks":82,"graveyard:lying_skeleton":1,"minecraft:sugar_cane":2,"minecraft:bricks":2,"minecraft:wall_torch":1,"expanded_structures:voided_trap_door":1,"expanded_structures:corrupted_fence":1,"minecraft:dark_oak_slab":2,"born_in_chaos_v1:tombstone_dark_titan_066":1,"duneons:highblockhallsdoor":3,"minecraft:mud":1,"minecraft:birch_log":16,"born_in_chaos_v1:fired_black_argillite":2,"minecraft:tnt":1,"minecraft:jukebox":5,"minecraft:birch_door":4,"expanded_structures:white_light":1,"minecraft:stone_brick_stairs":5,"duneons:creeperwoodstallgrass":11,"minecraft:yellow_stained_glass_pane":1,"minecraft:grass":38,"expanded_structures:corrupted_stairs":1,"minecraft:oak_log":164,"minecraft:acacia_fence":2,"minecraft:sand":27,"minecraft:dirt":11,"duneons:lamppostdown":8,"duneons:slabspawn_5":1,"minecraft:netherrack":1,"minecraft:oak_leaves":46,"minecraft:emerald_block":1,"minecraft:redstone_lamp":4,"minecraft:red_carpet":23,"minecraft:light_gray_stained_glass_pane":1,"minecraft:mossy_cobblestone":4,"duneons:bigferncreeperwoods":3,"fantasyfurniture:furniture_station":1,"toughasnails:rain_collector":1,"duneons:spideregg":1,"minecraft:nether_bricks":1,"minecraft:cobbled_deepslate_slab":5,"minecraft:spruce_fence":7,"minecraft:acacia_slab":3,"minecraft:spruce_leaves":17,"minecraft:hay_block":1,"minecraft:deepslate_brick_slab":5,"minecraft:light_blue_wall_banner":3,"minecraft:black_glazed_terracotta":1,"minecraft:acacia_stairs":18,"minecraft:andesite":1,"minecraft:chiseled_deepslate":1,"minecraft:gold_block":1,"expanded_structures:incidious_stump":2,"minecraft:mossy_stone_brick_stairs":4,"minecraft:bookshelf":41,"duneons:melondirt":9,"duneons:mossendirt":1,"minecraft:stripped_acacia_log":9,"minecraft:stone":39,"minecraft:white_wool":1,"duneons:statue":1,"minecraft:oak_slab":43,"minecraft:flowering_azalea":2,"minecraft:redstone_block":2,"minecraft:glass_pane":1,"minecraft:red_wool":11,"minecraft:brick_wall":1,"minecraft:dandelion":1,"minecraft:spruce_door":1,"travelersbackpack:standard":11,"minecraft:crafting_table":2,"minecraft:rose_bush":35,"minecraft:andesite_slab":1,"duneons:dustdiamond":1,"minecraft:tall_grass":3,"expanded_structures:corrupted_log":34,"minecraft:spruce_stairs":5,"duneons:stonehorse":1,"minecraft:birch_planks":10,"minecraft:black_stained_glass":2,"minecraft:coarse_dirt":1,"graveyard:vase_block":1,"minecraft:sea_pickle":1,"minecraft:black_wall_banner":2,"minecraft:birch_leaves":5,"minecraft:quartz_pillar":5,"minecraft:black_wool":1,"graveyard:dark_iron_bars":1,"minecraft:coal_ore":12,"duneons:scarecrow":3,"minecraft:cyan_carpet":7,"minecraft:cobweb":1,"minecraft:cracked_stone_bricks":7,"minecraft:terracotta":2,"minecraft:polished_andesite":3,"minecraft:stone_bricks":3,"minecraft:mossy_stone_bricks":4,"minecraft:chipped_anvil":4,"minecraft:fern":9}},"DataVersion":3465}