{"stats":{"minecraft:broken":{"minecraft:leather_helmet":1,"minecraft:leather_chestplate":1},"minecraft:dropped":{"minecraft:bread":1,"graveyard:upper_bone_staff":1,"minecraft:wheat_seeds":2,"duneons:melondirt":6,"minecraft:tnt":6,"travelersbackpack:blue_sleeping_bag":1,"minecraft:cracked_stone_bricks":3,"minecraft:acacia_log":2,"minecraft:grass_block":1,"minecraft:stick":2,"minecraft:dirt":10,"twilightforest:darkwood_sapling":1,"minecraft:potion":30,"minecraft:oak_stairs":1,"minecraft:flowering_azalea":1,"minecraft:chainmail_leggings":1,"minecraft:string":8,"minecraft:dark_oak_planks":1,"minecraft:bucket":3,"minecraft:bone":4,"minecraft:gold_ingot":1,"minecraft:sugar_cane":4,"minecraft:stone_sword":1,"expanded_structures:corrupted_fence":1,"minecraft:deepslate_brick_slab":21,"minecraft:oak_planks":1,"minecraft:cobbled_deepslate_slab":7,"minecraft:diamond_sword":1,"aether:chainmail_gloves":1,"minecraft:diamond_chestplate":1,"minecraft:leather_boots":1,"minecraft:spider_eye":1,"minecraft:arrow":4,"minecraft:stone_brick_stairs":1},"minecraft:mined":{"minecraft:red_carpet":11,"minecraft:spruce_planks":7,"minecraft:light_gray_stained_glass_pane":1,"minecraft:cobbled_deepslate_stairs":1,"duneons:bigferncreeperwoods":3,"duneons:spideregg":1,"minecraft:brewing_stand":1,"minecraft:nether_bricks":1,"minecraft:cobbled_deepslate_slab":5,"minecraft:grass_block":9,"minecraft:deepslate_bricks":1,"minecraft:spruce_leaves":6,"minecraft:hay_block":1,"minecraft:deepslate_brick_slab":3,"minecraft:light_blue_wall_banner":1,"minecraft:mossy_cobblestone_slab":1,"minecraft:cobbled_deepslate":1,"minecraft:moss_carpet":1,"minecraft:gold_block":1,"expanded_structures:incidious_stump":2,"minecraft:bookshelf":33,"minecraft:flowering_azalea_leaves":3,"duneons:melondirt":9,"minecraft:iron_bars":5,"minecraft:oak_stairs":1,"duneons:mossendirt":1,"minecraft:deepslate_brick_stairs":1,"minecraft:orange_bed":8,"duneons:glowmelonroot":7,"minecraft:stone":31,"duneons:strongcolon":1,"minecraft:player_head":1,"duneons:mossstoneblock":4,"minecraft:flowering_azalea":2,"minecraft:glass_pane":1,"minecraft:brick_wall":1,"minecraft:powder_snow":15,"travelersbackpack:standard":2,"expanded_structures:voided_wood_log":2,"minecraft:calcite":3,"minecraft:poppy":2,"minecraft:rose_bush":20,"minecraft:tall_grass":2,"minecraft:cobblestone":3,"graveyard:lying_skeleton":1,"minecraft:damaged_anvil":1,"minecraft:oak_planks":1,"minecraft:sugar_cane":2,"expanded_structures:corrupted_log":34,"minecraft:coarse_dirt":1,"expanded_structures:corrupted_fence":1,"minecraft:dark_oak_slab":1,"graveyard:vase_block":1,"duneons:highblockhallsdoor":3,"minecraft:mud":1,"minecraft:sea_pickle":1,"minecraft:birch_log":10,"minecraft:black_wall_banner":2,"minecraft:jukebox":1,"minecraft:birch_leaves":4,"minecraft:tnt":1,"minecraft:stone_brick_stairs":3,"duneons:creeperwoodstallgrass":11,"minecraft:yellow_stained_glass_pane":1,"minecraft:black_wool":1,"minecraft:grass":21,"graveyard:dark_iron_bars":1,"minecraft:coal_ore":12,"minecraft:cyan_carpet":7,"minecraft:sand":27,"minecraft:dirt":6,"minecraft:cobweb":1,"duneons:lamppostdown":1,"minecraft:cracked_stone_bricks":1,"duneons:slabspawn_5":1,"minecraft:polished_andesite":3,"minecraft:netherrack":1,"minecraft:oak_leaves":20,"minecraft:fern":9},"minecraft:custom":{"minecraft:interact_with_smithing_table":12,"minecraft:mob_kills":46,"minecraft:interact_with_crafting_table":52,"minecraft:open_barrel":4,"minecraft:open_shulker_box":4,"minecraft:damage_dealt_resisted":280,"minecraft:eat_cake_slice":2,"minecraft:leave_game":4,"minecraft:time_since_death":213326,"minecraft:climb_one_cm":3294,"minecraft:sprint_one_cm":491252,"minecraft:walk_one_cm":820930,"minecraft:drop":89,"minecraft:play_noteblock":5,"minecraft:play_time":408278,"minecraft:sneak_time":8237,"minecraft:deaths":2,"minecraft:walk_under_water_one_cm":54673,"minecraft:jump":3519,"minecraft:interact_with_blast_furnace":12,"minecraft:total_world_time":408278,"minecraft:walk_on_water_one_cm":38086,"minecraft:interact_with_furnace":36,"minecraft:play_record":3,"minecraft:tune_noteblock":13,"minecraft:sleep_in_bed":11,"minecraft:time_since_rest":175932,"minecraft:damage_taken":4307,"minecraft:damage_dealt":6645,"minecraft:swim_one_cm":39982,"minecraft:fly_one_cm":679447,"minecraft:crouch_one_cm":19691,"minecraft:open_chest":63,"minecraft:interact_with_smoker":12,"minecraft:fall_one_cm":76749},"minecraft:used":{"minecraft:iron_bars":2,"minecraft:red_concrete":1,"expanded_structures:corrupted_log":1,"minecraft:stone_shovel":25,"minecraft:chest":2,"minecraft:spruce_planks":2,"minecraft:wooden_shovel":18,"minecraft:orange_bed":6,"minecraft:dirt":3,"minecraft:nether_bricks":1,"duneons:melondirt":6,"minecraft:flowering_azalea":1,"minecraft:grass_block":334,"minecraft:brown_carpet":1,"minecraft:diamond_chestplate":7,"minecraft:golden_carrot":6,"minecraft:cooked_beef":5,"duneons:highblockhallsdoor":2,"minecraft:calcite":2,"minecraft:cooked_mutton":3,"minecraft:water_bucket":49,"minecraft:birch_planks":2,"minecraft:glass_bottle":181,"minecraft:polished_andesite":2,"minecraft:oak_planks":5,"minecraft:leather_chestplate":8,"minecraft:diamond_axe":115,"minecraft:golden_apple":1,"minecraft:music_disc_cat":3,"minecraft:cobbled_deepslate_stairs":1,"minecraft:smoker":1,"minecraft:oak_log":2,"minecraft:diamond_pickaxe":98,"minecraft:bread":28,"minecraft:cyan_carpet":6,"minecraft:stone_button":1,"minecraft:leather_helmet":1,"minecraft:diamond_sword":175,"minecraft:cobblestone":11,"minecraft:potion":167,"minecraft:cobbled_deepslate_slab":7,"travelersbackpack:standard":22,"minecraft:cooked_porkchop":23,"minecraft:bucket":49,"alexsmobs:animal_dictionary":2,"minecraft:air":7},"minecraft:picked_up":{"minecraft:mud":1,"minecraft:diamond_sword":3,"minecraft:oak_stairs":3,"minecraft:gold_block":1,"minecraft:potion":35,"duneons:guardianbow":1,"minecraft:stone_brick_stairs":3,"minecraft:chain":1,"minecraft:brewing_stand":1,"duneons:highblockhallsdoor":2,"duneons:battlerobe_chestplate":1,"minecraft:music_disc_cat":3,"expanded_structures:corrupted_fence":1,"minecraft:string":10,"minecraft:moss_carpet":1,"aether:diamond_gloves":3,"minecraft:cyan_carpet":6,"minecraft:cracked_stone_bricks":4,"minecraft:diamond_leggings":1,"minecraft:bucket":3,"minecraft:spruce_planks":7,"minecraft:beef":3,"minecraft:rose_bush":28,"minecraft:player_head":3,"minecraft:calcite":3,"duneons:elytepowerbow":3,"minecraft:poppy":1,"minecraft:sugar_cane":4,"minecraft:raw_iron":1,"expanded_structures:corrupted_doubloon":2,"minecraft:jukebox":1,"minecraft:torch":3,"minecraft:acacia_log":4,"minecraft:brick_wall":1,"expanded_structures:voided_wood_log":6,"minecraft:stone_button":1,"graveyard:dark_iron_bars":1,"duneons:skeletonspear":3,"minecraft:dark_oak_planks":1,"minecraft:brown_carpet":1,"minecraft:tnt":8,"minecraft:orange_bed":8,"minecraft:stone_sword":1,"minecraft:arrow":4,"expanded_structures:incidious_stump":6,"minecraft:stone_shovel":1,"minecraft:rotten_flesh":3,"minecraft:diamond_chestplate":3,"minecraft:nether_bricks":1,"minecraft:gold_ingot":5,"minecraft:black_banner":3,"minecraft:white_wool":9,"duneons:archerarmor_helmet":3,"minecraft:deepslate_brick_stairs":1,"minecraft:mutton":5,"minecraft:iron_bars":2,"duneons:ghostspookyarmor_chestplate":3,"twilightforest:darkwood_sapling":1,"minecraft:cobblestone":81,"minecraft:birch_log":31,"born_in_chaos_v1:corpse_maggot":8,"minecraft:leather_chestplate":3,"minecraft:feather":2,"minecraft:cooked_beef":14,"minecraft:golden_carrot":7,"minecraft:water_bucket":2,"duneons:ghostspookyarmor_helmet":3,"minecraft:leather":14,"minecraft:potato":119,"minecraft:oak_log":2,"duneons:melondirt":12,"duneons:bubblebowspooky_2":1,"minecraft:cobbled_deepslate_stairs":2,"minecraft:gunpowder":4,"minecraft:dirt":14,"minecraft:cooked_mutton":3,"minecraft:leather_boots":1,"minecraft:red_carpet":13,"minecraft:bone":7,"minecraft:wheat_seeds":4,"minecraft:deepslate_brick_slab":21,"minecraft:cobbled_deepslate_slab":16,"minecraft:iron_ingot":5,"minecraft:stone_pickaxe":3,"minecraft:glass_bottle":2,"expanded_structures:corrupted_log":79,"minecraft:oak_planks":2,"minecraft:flowering_azalea":3,"minecraft:book":125,"minecraft:dark_oak_slab":1,"minecraft:cooked_porkchop":11,"born_in_chaos_v1:ethereal_spirit":4,"minecraft:sand":27,"travelersbackpack:blue_sleeping_bag":1,"minecraft:spruce_sapling":15,"minecraft:spruce_log":2,"minecraft:grass_block":1,"minecraft:spider_eye":2,"minecraft:leather_helmet":1,"graveyard:upper_bone_staff":1,"travelersbackpack:standard":2,"minecraft:polished_andesite":2,"minecraft:diamond":4,"minecraft:chainmail_leggings":3,"minecraft:diamond_axe":2,"minecraft:golden_apple":6,"duneons:lamppostdown":3,"minecraft:bread":37,"alexsmobs:maggot":2,"minecraft:damaged_anvil":1,"minecraft:black_wool":3,"minecraft:coal":12,"minecraft:diamond_pickaxe":2,"duneons:archerarmor_chestplate":3,"minecraft:ender_pearl":3},"minecraft:crafted":{"minecraft:stone_shovel":1,"travelersbackpack:crafting_upgrade":1,"minecraft:furnace":1,"travelersbackpack:gold_tier_upgrade":1,"travelersbackpack:blank_upgrade":4,"minecraft:glass":27,"minecraft:chest":5,"minecraft:smoker":1,"travelersbackpack:diamond_tier_upgrade":1,"minecraft:cooked_beef":3,"minecraft:red_dye":7,"travelersbackpack:iron_tier_upgrade":1,"minecraft:diamond_axe":1,"minecraft:crafting_table":1,"minecraft:spruce_planks":20,"travelersbackpack:backpack_tank":4,"travelersbackpack:standard":5,"minecraft:baked_potato":50,"minecraft:red_wool":7,"minecraft:gold_block":8,"minecraft:bucket":1,"minecraft:birch_planks":12,"minecraft:air":0,"travelersbackpack:red_sleeping_bag":1,"minecraft:diamond_pickaxe":1,"minecraft:stick":8,"minecraft:iron_ingot":30,"minecraft:gold_ingot":70},"minecraft:killed":{"born_in_chaos_v1:restless_spirit":1,"born_in_chaos_v1:zombie_lumberjack":2,"expanded_structures:buman":1,"minecraft:spider":2,"born_in_chaos_v1:zombie_bruiser":1,"born_in_chaos_v1:maggot":1,"minecraft:skeleton":2,"minecraft:horse":1,"duneons:vangruardskeleton":1,"minecraft:pig":6,"born_in_chaos_v1:baby_skeleton":1,"minecraft:sheep":2,"born_in_chaos_v1:bloody_gadfly":1,"minecraft:zombie":4,"born_in_chaos_v1:corpse_fly":1,"minecraft:cow":7}},"DataVersion":3465}