{"stats":{"minecraft:broken":{"minecraft:stone_axe":1,"expanded_structures:pumpkin_sword":2},"minecraft:dropped":{"minecraft:iron_sword":1,"minecraft:porkchop":1,"minecraft:lapis_lazuli":5,"minecraft:glass_bottle":3,"minecraft:loom":1,"minecraft:ender_pearl":1,"minecraft:crafting_table":1,"duneons:charredgrassblock":1,"duneons:archerarmor_chestplate":2,"minecraft:fletching_table":1,"born_in_chaos_v1:pieceofdarkmetal":2,"born_in_chaos_v1:nightmare_claw":1,"duneons:ghostspookyarmor_chestplate":1,"minecraft:cod":10,"born_in_chaos_v1:monster_flesh":3,"minecraft:packed_mud":1,"minecraft:orange_carpet":4,"born_in_chaos_v1:monster_skin":3,"minecraft:cornflower":1,"minecraft:mutton":5,"minecraft:writable_book":1,"minecraft:bone_meal":4,"minecraft:dark_oak_planks":2,"minecraft:white_wool":5,"minecraft:bone":1,"minecraft:stone_axe":1,"minecraft:compass":1,"duneons:elytepowerbow":1,"expanded_structures:ender_shard":1,"duneons:ghostspookyarmor_helmet":1,"minecraft:wheat":2,"born_in_chaos_v1:ethereal_spirit":3,"minecraft:rotten_flesh":9,"minecraft:chiseled_stone_bricks":1,"minecraft:poppy":2,"born_in_chaos_v1:corpse_maggot":1,"minecraft:leather_boots":2,"minecraft:spruce_slab":5,"minecraft:iron_bars":6,"minecraft:arrow":2,"duneons:sanctumstone":1,"minecraft:beef":16,"minecraft:cartography_table":2,"minecraft:lectern":1,"minecraft:water_bucket":1,"minecraft:golden_boots":1,"minecraft:bread":24,"minecraft:stripped_spruce_log":2,"minecraft:wheat_seeds":2,"minecraft:tnt":3,"minecraft:diamond_leggings":1,"minecraft:cobblestone":1,"minecraft:granite":2,"duneons:bubblebowspooky_2":1,"minecraft:yellow_carpet":1,"minecraft:stick":11,"minecraft:mossy_cobblestone_slab":1,"twilightforest:darkwood_sapling":1,"minecraft:potion":17,"duneons:dungeonscharredcobblestone":1,"expanded_structures:smashed_pumpkin":7,"minecraft:stonecutter":1,"minecraft:string":6,"minecraft:spruce_sapling":11,"duneons:archerarmor_helmet":2,"duneons:battlerobe_chestplate":1,"minecraft:blast_furnace":1,"duneons:highlandberries":15,"minecraft:mud_bricks":3,"minecraft:flower_pot":3,"minecraft:diamond_chestplate":1,"expanded_structures:light_crystal":3,"aether:diamond_gloves":1,"minecraft:iron_chestplate":1,"minecraft:yellow_bed":2,"minecraft:bow":1,"minecraft:stone_pickaxe":1,"minecraft:wooden_pickaxe":2,"minecraft:cyan_bed":1,"duneons:guardianbow":2},"minecraft:mined":{"minecraft:black_shulker_box":24,"minecraft:dark_oak_planks":4,"minecraft:spruce_planks":104,"minecraft:brewing_stand":2,"duneons:charredstone":1,"minecraft:granite":2,"minecraft:grass_block":4,"graveyard:skull_on_pike":4,"minecraft:chiseled_stone_bricks":1,"minecraft:spawner":23,"minecraft:tall_seagrass":1,"duneons:charredgrassblock":1,"minecraft:iron_ore":7,"minecraft:fletching_table":1,"minecraft:anvil":1,"minecraft:iron_bars":5,"expanded_structures:smooth_pumpkin":2,"minecraft:spruce_wood":66,"minecraft:potted_cornflower":1,"minecraft:blue_orchid":1,"graveyard:middle_bone_staff":1,"minecraft:smoker":3,"minecraft:piglin_head":1,"minecraft:powder_snow":11,"expanded_structures:voided_wood_log":3,"minecraft:torch":3,"minecraft:blast_furnace":4,"minecraft:chest":1,"minecraft:cobblestone":4,"graveyard:skeleton_hand":1,"minecraft:cyan_bed":7,"graveyard:lying_skeleton":3,"minecraft:oak_planks":6,"minecraft:wall_torch":10,"expanded_structures:white_light":1,"minecraft:tnt":1,"graveyard:skull_pile":1,"duneons:creeperwoodstallgrass":2,"minecraft:grass":5,"minecraft:oak_log":1,"duneons:sanctumstone":1,"minecraft:loom":1,"minecraft:sand":39,"minecraft:stonecutter":1,"minecraft:oak_leaves":10,"minecraft:emerald_block":28,"graveyard:torso_pile":4,"minecraft:light_gray_stained_glass_pane":2,"minecraft:spruce_leaves":11,"minecraft:cartography_table":2,"twilightforest:potted_green_thorn":1,"minecraft:large_fern":1,"minecraft:hay_block":43,"minecraft:furnace":2,"expanded_structures:bricked_pumpkin_stairs":1,"expanded_structures:incidious_stump":1,"minecraft:stone":76,"minecraft:smithing_table":1,"minecraft:redstone_block":1,"graveyard:laterally_lying_skeleton":3,"minecraft:stone_brick_slab":1,"minecraft:crafting_table":8,"minecraft:emerald_ore":4,"minecraft:lectern":1,"twilightforest:potted_darkwood_sapling":1,"minecraft:tall_grass":1,"expanded_structures:wild_log":3,"expanded_structures:corrupted_log":41,"minecraft:birch_planks":6,"minecraft:lime_bed":5,"graveyard:skull_with_rib_cage":3,"duneons:signsword":1,"minecraft:ice":1,"minecraft:spruce_log":17,"minecraft:birch_leaves":4,"minecraft:yellow_bed":5,"expanded_structures:black_refined_brick":7,"minecraft:coal_ore":67,"minecraft:pitcher_crop":1,"minecraft:gravel":1,"graveyard:leaning_skeleton":3,"minecraft:acacia_planks":8,"graveyard:bone_remains":1,"duneons:lavabrickblock":1},"minecraft:custom":{"minecraft:interact_with_crafting_table":30,"minecraft:open_shulker_box":78,"minecraft:bell_ring":1,"minecraft:eat_cake_slice":5,"minecraft:leave_game":8,"minecraft:time_since_death":644967,"minecraft:sprint_one_cm":1172807,"minecraft:drop":214,"minecraft:play_noteblock":1,"minecraft:talked_to_villager":22,"minecraft:play_time":644967,"minecraft:jump":7030,"minecraft:walk_on_water_one_cm":35865,"minecraft:interact_with_furnace":31,"minecraft:play_record":1,"minecraft:traded_with_villager":17,"minecraft:sleep_in_bed":18,"minecraft:damage_dealt":20818,"minecraft:crouch_one_cm":61018,"minecraft:interact_with_smoker":18,"minecraft:interact_with_smithing_table":2,"minecraft:mob_kills":123,"minecraft:damage_dealt_resisted":808,"minecraft:climb_one_cm":2625,"minecraft:walk_one_cm":506517,"minecraft:sneak_time":28581,"minecraft:walk_under_water_one_cm":76714,"minecraft:interact_with_blast_furnace":34,"minecraft:total_world_time":644967,"minecraft:tune_noteblock":11,"minecraft:time_since_rest":262480,"minecraft:damage_taken":2830,"minecraft:damage_absorbed":101,"minecraft:swim_one_cm":59997,"minecraft:fly_one_cm":4205757,"minecraft:open_chest":140,"minecraft:fall_one_cm":156485},"minecraft:used":{"minecraft:writable_book":1,"minecraft:smooth_quartz_slab":99,"minecraft:spruce_slab":379,"minecraft:chest":3,"minecraft:iron_sword":5,"minecraft:spruce_leaves":29,"minecraft:carrot":4,"minecraft:stripped_spruce_log":428,"minecraft:milk_bucket":2,"minecraft:black_stained_glass_pane":439,"minecraft:lantern":1,"minecraft:grass_block":91,"minecraft:dark_oak_wood":4,"minecraft:stone_brick_stairs":2,"minecraft:cooked_cod":2,"minecraft:furnace":2,"minecraft:emerald_ore":26,"minecraft:stripped_acacia_log":190,"minecraft:stone_pickaxe":128,"minecraft:oak_planks":100,"minecraft:wooden_pickaxe":7,"minecraft:leather_chestplate":31,"minecraft:diamond_axe":105,"minecraft:golden_apple":3,"minecraft:black_banner":1,"minecraft:blast_furnace":2,"expanded_structures:pumpkin_sword":6,"minecraft:green_concrete":243,"minecraft:dark_oak_log":45,"minecraft:cyan_carpet":1,"minecraft:bread":9,"minecraft:cyan_bed":7,"minecraft:string":26,"minecraft:diamond_sword":216,"graveyard:upper_bone_staff":1,"minecraft:andesite":1098,"minecraft:white_concrete":6319,"minecraft:air":6,"minecraft:bone_meal":84,"minecraft:oak_trapdoor":40,"minecraft:netherite_sword":11,"minecraft:iron_bars":3,"minecraft:spruce_planks":2286,"minecraft:torch":36,"minecraft:dirt":1,"minecraft:spruce_fence":9,"minecraft:sea_lantern":937,"minecraft:acacia_slab":3,"minecraft:bamboo":35,"minecraft:diamond_chestplate":30,"minecraft:golden_carrot":1,"minecraft:black_stained_glass":8,"minecraft:cooked_beef":6,"minecraft:acacia_planks":8,"duneons:highblockhallsdoor":1,"minecraft:cooked_mutton":2,"minecraft:water_bucket":566,"minecraft:glass_bottle":200,"minecraft:black_shulker_box":22,"minecraft:music_disc_cat":1,"minecraft:lime_bed":4,"minecraft:tnt":1,"minecraft:crafting_table":10,"expanded_structures:incidious_stump":2,"minecraft:spruce_log":206,"minecraft:smoker":2,"minecraft:oak_log":13,"minecraft:diamond_pickaxe":171,"minecraft:netherite_axe":202,"minecraft:spruce_trapdoor":16,"minecraft:stone_axe":171,"minecraft:cobblestone":28,"minecraft:potion":208,"travelersbackpack:standard":4,"minecraft:cooked_porkchop":11,"minecraft:bucket":83,"minecraft:pumpkin_pie":45,"minecraft:yellow_bed":4,"alexsmobs:animal_dictionary":1,"minecraft:green_stained_glass":197},"minecraft:picked_up":{"minecraft:iron_chestplate":1,"minecraft:wheat":2,"minecraft:flower_pot":3,"minecraft:anvil":1,"minecraft:smithing_table":1,"minecraft:lead":2,"minecraft:potion":13,"minecraft:stone_brick_stairs":2,"duneons:highblockhallsdoor":1,"minecraft:brewing_stand":2,"duneons:battlerobe_chestplate":2,"minecraft:music_disc_cat":1,"minecraft:string":7,"minecraft:black_shulker_box":24,"minecraft:spruce_planks":107,"duneons:ghostkindler_chestplate":1,"minecraft:furnace":2,"duneons:signsword":1,"minecraft:golden_helmet":1,"minecraft:stick":8,"minecraft:torch":16,"minecraft:acacia_log":2,"minecraft:porkchop":10,"expanded_structures:voided_wood_log":3,"born_in_chaos_v1:nightmare_claw":1,"minecraft:rotten_flesh":16,"duneons:bluebanner":1,"expanded_structures:light_crystal":3,"duneons:archerarmor_helmet":3,"minecraft:iron_bars":9,"duneons:ghostspookyarmor_chestplate":2,"minecraft:cobblestone":76,"expanded_structures:black_refined_brick":4,"minecraft:leather_chestplate":1,"duneons:crystalblue":1,"minecraft:mossy_cobblestone_slab":1,"minecraft:water_bucket":1,"minecraft:orange_carpet":4,"minecraft:golden_leggings":1,"minecraft:smoker":3,"duneons:bluekinghat_leggings":1,"minecraft:dirt":3,"minecraft:lantern":4,"born_in_chaos_v1:monster_skin":3,"minecraft:leather_boots":3,"minecraft:glass":5,"minecraft:bone":105,"minecraft:stonecutter":1,"minecraft:bow":1,"minecraft:wheat_seeds":2,"minecraft:fletching_table":1,"expanded_structures:corrupted_log":38,"minecraft:oak_planks":6,"minecraft:sand":39,"minecraft:stripped_spruce_log":1,"minecraft:loom":1,"minecraft:cyan_bed":8,"graveyard:upper_bone_staff":1,"minecraft:yellow_carpet":1,"minecraft:writable_book":1,"minecraft:granite":2,"minecraft:golden_apple":4,"minecraft:emerald":4,"expanded_structures:wild_log":3,"duneons:ghostkindler_helmet":1,"minecraft:bread":12,"born_in_chaos_v1:rotten_fish":1,"duneons:archerarmor_chestplate":3,"minecraft:crafting_table":8,"born_in_chaos_v1:seedof_chaos":1,"duneons:sanctumstone":1,"minecraft:wooden_pickaxe":1,"duneons:guardianbow":3,"minecraft:cornflower":1,"duneons:bards_garb_unique_1_helmet":1,"minecraft:cyan_carpet":1,"minecraft:cartography_table":2,"minecraft:beef":50,"duneons:elytepowerbow":2,"minecraft:poppy":2,"expanded_structures:smashed_pumpkin":7,"minecraft:spruce_slab":5,"minecraft:light_gray_wool":1,"minecraft:lectern":1,"minecraft:chest":1,"minecraft:raw_iron":7,"born_in_chaos_v1:pieceofdarkmetal":2,"minecraft:carrot":12,"minecraft:dark_oak_planks":3,"minecraft:tnt":2,"minecraft:arrow":21,"expanded_structures:incidious_stump":2,"minecraft:hay_block":40,"minecraft:black_banner":1,"minecraft:gold_ingot":1,"minecraft:mutton":17,"minecraft:white_wool":15,"twilightforest:darkwood_sapling":1,"duneons:bluekinghat_chestplate":1,"born_in_chaos_v1:corpse_maggot":1,"minecraft:lime_bed":5,"minecraft:mud_bricks":3,"born_in_chaos_v1:monster_flesh":3,"minecraft:salmon":1,"duneons:ghostspookyarmor_helmet":2,"minecraft:leather":39,"expanded_structures:ender_shard":1,"minecraft:packed_mud":1,"minecraft:oak_log":1,"duneons:bubblebowspooky_2":2,"minecraft:golden_boots":1,"minecraft:yellow_bed":6,"minecraft:gunpowder":5,"duneons:longbow":1,"minecraft:piglin_head":1,"duneons:charredgrassblock":1,"minecraft:kelp":2,"minecraft:spruce_wood":65,"minecraft:iron_ingot":2,"duneons:blackocelotarmor_chestplate":1,"minecraft:glass_bottle":1,"minecraft:iron_sword":1,"duneons:bards_garb_unique_1_chestplate":1,"duneons:keydiamond":1,"minecraft:emerald_block":28,"duneons:dungeonscharredcobblestone":1,"minecraft:pitcher_plant":1,"minecraft:chiseled_stone_bricks":1,"born_in_chaos_v1:ethereal_spirit":3,"duneons:necromancerball":1,"duneons:blackocelotarmor_helmet":1,"minecraft:spruce_sapling":18,"minecraft:blast_furnace":4,"minecraft:spruce_log":18,"graveyard:middle_bone_staff":1,"duneons:bluekinghat_helmet":1,"minecraft:spider_eye":1,"minecraft:diamond_axe":1,"minecraft:coal":87},"minecraft:crafted":{"minecraft:cooked_mutton":6,"minecraft:glass":10,"minecraft:chest":3,"duneons:randonbowbox":7,"minecraft:glass_bottle":3,"minecraft:emerald":126,"minecraft:cooked_porkchop":4,"minecraft:diamond_axe":1,"minecraft:crafting_table":4,"minecraft:spruce_planks":332,"minecraft:wooden_pickaxe":1,"travelersbackpack:standard":1,"minecraft:diamond_pickaxe":1,"minecraft:emerald_block":5,"minecraft:stick":20,"minecraft:iron_ingot":5,"minecraft:gold_ingot":18,"minecraft:furnace":1,"minecraft:diamond":36,"travelersbackpack:white_sleeping_bag":1,"minecraft:stone_pickaxe":1,"minecraft:wheat":153,"minecraft:cooked_beef":7,"travelersbackpack:backpack_tank":2,"minecraft:bucket":1,"minecraft:stone_axe":2,"minecraft:bread":104,"minecraft:air":0,"minecraft:acacia_planks":8,"minecraft:torch":20,"duneons:randomarmorbox":10},"minecraft:killed":{"minecraft:cave_spider":6,"born_in_chaos_v1:door_knight_not_despawn":1,"minecraft:spider":10,"duneons:wraith":1,"minecraft:skeleton":8,"duneons:necromancer":1,"minecraft:pig":5,"expanded_structures:pumpkin_gremlin":4,"minecraft:creeper":4,"minecraft:sheep":15,"minecraft:trader_llama":2,"expanded_structures:pumpkin_goliath":1,"minecraft:zombie":8,"alexsmobs:fly":1,"minecraft:cow":21,"born_in_chaos_v1:maggot":7,"minecraft:horse":7,"born_in_chaos_v1:barrel_zombie":2,"minecraft:wandering_trader":1,"born_in_chaos_v1:decrepit_skeleton":3,"expanded_structures:villager_outcast":13}},"DataVersion":3465}