{"stats":{"minecraft:picked_up":{"born_in_chaos_v1:corpse_maggot":2,"born_in_chaos_v1:monster_flesh":1,"minecraft:lantern":6,"born_in_chaos_v1:monster_skin":1,"minecraft:bone":5,"minecraft:gold_nugget":2,"minecraft:torch":6,"minecraft:arrow":6,"duneons:hoglinskull":1,"minecraft:rotten_flesh":3,"alexsmobs:maggot":27,"minecraft:coal":1},"minecraft:killed":{"minecraft:zombified_piglin":3,"minecraft:creeper":1,"born_in_chaos_v1:dread_hound":1,"born_in_chaos_v1:corpse_fly":1},"minecraft:custom":{"minecraft:mob_kills":6,"minecraft:bell_ring":12,"minecraft:damage_dealt_resisted":13,"minecraft:leave_game":5,"minecraft:time_since_death":516003,"minecraft:time_since_rest":516003,"minecraft:sprint_one_cm":113986,"minecraft:walk_one_cm":308198,"minecraft:drop":9,"minecraft:damage_dealt":1349,"minecraft:fly_one_cm":4488170,"minecraft:open_chest":10,"minecraft:crouch_one_cm":1741,"minecraft:play_time":516003,"minecraft:sneak_time":14978,"minecraft:walk_under_water_one_cm":3503,"minecraft:interact_with_brewingstand":1,"minecraft:jump":651,"minecraft:walk_on_water_one_cm":7235,"minecraft:total_world_time":516003},"minecraft:used":{"minecraft:quartz_bricks":42,"minecraft:oak_trapdoor":7,"minecraft:emerald_ore":1,"minecraft:water_bucket":69,"minecraft:netherite_sword":11,"minecraft:diorite":26,"minecraft:flint_and_steel":6,"minecraft:stripped_acacia_log":310,"minecraft:smooth_quartz_slab":143,"minecraft:spruce_slab":143,"minecraft:oak_planks":466,"minecraft:oak_sign":9,"minecraft:spruce_planks":354,"minecraft:stone":104,"minecraft:redstone_block":1,"minecraft:clay":11,"minecraft:netherrack":1,"minecraft:torch":280,"minecraft:dark_oak_trapdoor":24,"minecraft:soul_sand":6,"minecraft:dirt":577,"minecraft:tnt":353,"minecraft:oak_slab":4,"minecraft:spruce_stairs":55,"minecraft:nether_bricks":10,"minecraft:nether_brick_slab":87,"minecraft:light_gray_glazed_terracotta":4,"minecraft:purple_terracotta":304,"minecraft:jungle_trapdoor":13,"minecraft:spruce_fence":31,"minecraft:snowball":282,"minecraft:stripped_spruce_log":44,"minecraft:polished_diorite":692,"minecraft:glass":43,"minecraft:green_concrete":3,"minecraft:acacia_stairs":113,"minecraft:sea_lantern":192,"minecraft:lava_bucket":4,"minecraft:quartz_pillar":78,"minecraft:cracked_polished_blackstone_bricks":55,"minecraft:light_gray_concrete":42,"minecraft:black_stained_glass_pane":38,"minecraft:lantern":36,"minecraft:grass_block":5236,"minecraft:acacia_slab":149,"minecraft:cracked_nether_bricks":10,"minecraft:glowstone":5,"minecraft:magma_block":1,"minecraft:cobblestone":136,"minecraft:bow":5,"minecraft:andesite":693,"minecraft:acacia_fence":9,"minecraft:bucket":13,"minecraft:chain":3,"minecraft:smooth_stone_slab":61,"minecraft:white_concrete":1477,"minecraft:smooth_stone":168},"minecraft:dropped":{"alexsmobs:maggot":2,"minecraft:torch":1,"minecraft:smooth_quartz_slab":1,"minecraft:arrow":2,"minecraft:smooth_stone":1,"minecraft:bone":2}},"DataVersion":3465}