{"stats":{"minecraft:mined":{"minecraft:black_shulker_box":2,"minecraft:spruce_planks":49,"minecraft:cobbled_deepslate_stairs":5,"minecraft:brewing_stand":1,"duneons:charredstone":2,"travelersbackpack:blue_sleeping_bag":5,"minecraft:spruce_trapdoor":1,"minecraft:grass_block":11,"minecraft:white_concrete":1,"minecraft:coal_block":4,"minecraft:mud_bricks":7,"expanded_structures:ender_shard_block":1,"minecraft:spawner":27,"graveyard:wither_skull_with_rib_cage":1,"minecraft:polished_blackstone_bricks":1,"expanded_structures:sandy_refined_brick":2,"minecraft:mossy_cobblestone_stairs":1,"minecraft:iron_ore":3,"minecraft:cobbled_deepslate":1,"minecraft:fire":4,"expanded_structures:refined_brick":2,"born_in_chaos_v1:black_argillite_brick_stairs":2,"graveyard:leaning_wither_skeleton":1,"graveyard:upper_bone_staff":3,"minecraft:polished_deepslate_slab":4,"minecraft:iron_bars":10,"minecraft:light_gray_concrete":2,"minecraft:deepslate_brick_stairs":5,"minecraft:potted_cornflower":1,"expanded_structures:corrupted_trap_door":1,"minecraft:spruce_slab":1,"expanded_structures:block_stand":45,"graveyard:middle_bone_staff":1,"expanded_structures:worlds_most_useless_block":1,"minecraft:orange_terracotta":1,"minecraft:piglin_head":1,"minecraft:powder_snow":2,"minecraft:light_gray_terracotta":1,"minecraft:blast_furnace":1,"minecraft:calcite":2,"minecraft:white_stained_glass_pane":1,"minecraft:cobblestone":8,"expanded_structures:ender_shard_ore":1,"minecraft:cyan_bed":1,"minecraft:oak_planks":1,"minecraft:iron_door":2,"minecraft:light_blue_banner":1,"minecraft:white_terracotta":13,"graveyard:wither_skeleton_hand":1,"twilightforest:potted_mangrove_sapling":1,"born_in_chaos_v1:fired_black_argillite":2,"graveyard:skull_pile":1,"minecraft:stone_brick_stairs":1,"minecraft:smooth_stone_slab":1,"minecraft:grass":33,"minecraft:oak_log":1,"minecraft:sand":24,"minecraft:dirt":3,"minecraft:oak_leaves":9,"minecraft:emerald_block":28,"minecraft:redstone_lamp":1,"minecraft:red_carpet":1,"minecraft:light_gray_stained_glass_pane":5,"minecraft:mossy_cobblestone":2,"minecraft:dark_oak_log":2,"minecraft:cobbled_deepslate_slab":12,"minecraft:stone_button":3,"minecraft:crimson_roots":1,"minecraft:redstone_wire":4,"minecraft:spruce_leaves":2,"minecraft:hay_block":2,"minecraft:black_stained_glass_pane":2,"minecraft:deepslate_brick_slab":10,"minecraft:packed_mud":1,"minecraft:furnace":1,"minecraft:raw_gold_block":6,"minecraft:potted_torchflower":1,"minecraft:andesite":3,"minecraft:stripped_spruce_log":4,"minecraft:gold_block":5,"expanded_structures:incidious_stump":1,"minecraft:bookshelf":56,"minecraft:cobblestone_slab":1,"minecraft:stripped_acacia_log":1,"minecraft:stone":53,"duneons:statue":2,"minecraft:gray_concrete":14,"expanded_structures:pink_light":1,"minecraft:red_banner":1,"graveyard:small_light_gray_urn":1,"minecraft:cornflower":63,"minecraft:rose_bush":1,"duneons:dustdiamond":1,"minecraft:deepslate_coal_ore":1,"born_in_chaos_v1:chipped_black_argillite_brick":1,"expanded_structures:corrupted_log":1,"minecraft:coarse_dirt":1,"graveyard:vase_block":9,"minecraft:birch_leaves":2,"minecraft:black_wall_banner":1,"minecraft:spruce_log":108,"minecraft:white_wall_banner":2,"minecraft:coal_ore":51,"minecraft:pitcher_crop":1,"minecraft:gravel":2,"minecraft:cobweb":4,"minecraft:cracked_stone_bricks":8,"minecraft:stone_bricks":6,"minecraft:polished_andesite":8,"minecraft:orange_wall_banner":1,"minecraft:mossy_stone_bricks":5,"minecraft:fern":6,"expanded_structures:bricked_pumpkin_wall":1},"minecraft:custom":{"minecraft:interact_with_crafting_table":51,"minecraft:open_barrel":43,"minecraft:open_shulker_box":17,"minecraft:bell_ring":5,"minecraft:leave_game":17,"minecraft:time_since_death":746696,"minecraft:sprint_one_cm":1040038,"minecraft:drop":181,"minecraft:talked_to_villager":19,"minecraft:play_time":746696,"minecraft:jump":6173,"minecraft:walk_on_water_one_cm":45740,"minecraft:interact_with_furnace":35,"minecraft:play_record":1,"minecraft:traded_with_villager":9,"minecraft:sleep_in_bed":24,"minecraft:damage_dealt":30938,"minecraft:crouch_one_cm":110676,"minecraft:interact_with_smoker":7,"minecraft:inspect_dispenser":1,"minecraft:use_cauldron":3,"minecraft:interact_with_smithing_table":4,"minecraft:interact_with_anvil":3,"minecraft:mob_kills":167,"minecraft:damage_dealt_resisted":30,"minecraft:climb_one_cm":2996,"minecraft:walk_one_cm":975561,"minecraft:sneak_time":44334,"minecraft:walk_under_water_one_cm":35639,"minecraft:interact_with_blast_furnace":101,"minecraft:total_world_time":746696,"minecraft:tune_noteblock":35,"minecraft:pot_flower":9,"minecraft:time_since_rest":222789,"minecraft:damage_absorbed":184,"minecraft:damage_taken":2637,"minecraft:swim_one_cm":85115,"minecraft:fly_one_cm":3988292,"minecraft:open_chest":188,"minecraft:fall_one_cm":124795},"minecraft:used":{"minecraft:moss_block":1,"expanded_structures:refined_brick":2,"minecraft:light_blue_banner":1,"minecraft:writable_book":2,"minecraft:spruce_slab":111,"minecraft:chest":4,"minecraft:white_terracotta":13,"minecraft:iron_sword":33,"minecraft:stone":7,"minecraft:iron_chestplate":6,"mcwdoors:garage_white_door":87,"minecraft:deepslate_brick_slab":3,"mcwwindows:white_mosaic_glass_pane":9,"minecraft:music_disc_13":1,"duneons:spideregg":1,"minecraft:milk_bucket":2,"minecraft:lantern":20,"minecraft:grass_block":119,"born_in_chaos_v1:fired_black_argillite":2,"minecraft:furnace":2,"minecraft:acacia_fence":1,"minecraft:polished_diorite_stairs":204,"slabsexpanded:white_concrete_slab":368,"minecraft:stripped_acacia_log":127,"minecraft:polished_diorite_slab":53,"minecraft:leather_chestplate":50,"minecraft:diamond_axe":273,"minecraft:golden_apple":10,"travelersbackpack:blue_sleeping_bag":5,"graveyard:small_light_gray_urn":1,"minecraft:black_banner":1,"duneons:sanctumstone":1,"minecraft:blast_furnace":2,"minecraft:light_gray_terracotta":1,"minecraft:deepslate_brick_stairs":1,"minecraft:dark_oak_log":2,"minecraft:stone_button":3,"minecraft:bread":57,"minecraft:gravel":2,"minecraft:flowering_azalea_leaves":18,"minecraft:diamond_sword":469,"graveyard:upper_bone_staff":1,"minecraft:smithing_table":1,"minecraft:smooth_stone_slab":1,"minecraft:white_concrete":2149,"minecraft:air":4,"minecraft:experience_bottle":16,"expanded_structures:white_light":317,"minecraft:rose_bush":2,"minecraft:iron_bars":6,"minecraft:redstone":2,"minecraft:spruce_planks":1078,"minecraft:dirt":12,"minecraft:anvil":2,"duneons:dungeonscharredcobblestoneslab":1,"mcwtrpdoors:spruce_classic_trapdoor":60,"minecraft:spruce_fence":58,"minecraft:blue_concrete":458,"minecraft:sea_lantern":6,"minecraft:acacia_slab":25,"minecraft:iron_boots":2,"minecraft:diamond_chestplate":44,"minecraft:golden_carrot":1,"minecraft:beef":12,"minecraft:calcite":336,"minecraft:water_bucket":112,"minecraft:glass_bottle":176,"minecraft:black_shulker_box":1,"born_in_chaos_v1:black_argillite_brick_stairs":2,"minecraft:tnt":1,"minecraft:crafting_table":5,"securitycraft:reinforced_blue_concrete":2,"minecraft:spruce_log":11,"minecraft:mushroom_stem":17,"minecraft:blue_stained_glass_pane":324,"securitycraft:display_case":2,"minecraft:diamond_pickaxe":237,"minecraft:flower_pot":1,"minecraft:acacia_stairs":4,"minecraft:iron_pickaxe":124,"minecraft:cobblestone":44,"minecraft:potion":177,"travelersbackpack:standard":26,"minecraft:orange_banner":1,"securitycraft:reinforced_white_concrete":2,"minecraft:white_banner":2,"minecraft:cooked_porkchop":11,"expanded_structures:corrupted_trap_door":1,"minecraft:bucket":86,"minecraft:red_banner":1,"minecraft:pumpkin_pie":1,"alexsmobs:animal_dictionary":1},"minecraft:dropped":{"minecraft:iron_sword":2,"minecraft:glass_bottle":2,"minecraft:ender_pearl":3,"minecraft:diamond":4,"minecraft:cooked_porkchop":19,"minecraft:leather":2,"minecraft:cracked_stone_bricks":4,"minecraft:flint":1,"minecraft:redstone_lamp":1,"minecraft:gray_concrete":2,"minecraft:stone_button":4,"minecraft:mutton":3,"minecraft:crimson_roots":1,"minecraft:cooked_cod":124,"minecraft:chain":1,"minecraft:pumpkin_pie":1,"minecraft:white_wool":2,"minecraft:gold_ingot":6,"minecraft:lever":2,"expanded_structures:ender_shard":1,"minecraft:gray_banner":1,"born_in_chaos_v1:ethereal_spirit":1,"minecraft:rotten_flesh":12,"minecraft:oak_planks":1,"minecraft:carrot":11,"minecraft:poppy":1,"minecraft:leather_chestplate":2,"minecraft:gunpowder":6,"born_in_chaos_v1:corpse_maggot":2,"minecraft:leather_boots":1,"minecraft:spruce_slab":5,"minecraft:arrow":7,"minecraft:beef":12,"minecraft:glass":5,"minecraft:stone_brick_stairs":1,"expanded_structures:sandy_refined_brick":2,"minecraft:iron_ingot":2,"minecraft:bread":6,"minecraft:wheat_seeds":19,"minecraft:tnt":1,"minecraft:mossy_cobblestone":1,"minecraft:iron_helmet":1,"minecraft:feather":9,"duneons:highblockhallsdoor":1,"minecraft:copper_ingot":1,"minecraft:coal":52,"minecraft:golden_apple":10,"minecraft:stick":24,"minecraft:polished_andesite":8,"minecraft:torch":1,"minecraft:white_concrete":1,"born_in_chaos_v1:fused_bone":1,"minecraft:potion":22,"duneons:dungeonscharredcobblestone":2,"expanded_structures:smashed_pumpkin":4,"minecraft:mossy_cobblestone_stairs":1,"minecraft:string":4,"minecraft:spruce_sapling":4,"minecraft:dandelion":1,"minecraft:redstone":3,"minecraft:stone_sword":2,"minecraft:raw_iron":1,"minecraft:light_gray_concrete":2,"minecraft:diamond_sword":1,"minecraft:cobblestone_slab":1,"minecraft:potato":9,"minecraft:flower_pot":2,"expanded_structures:light_crystal":1,"minecraft:diamond_chestplate":1,"minecraft:spruce_trapdoor":1,"minecraft:iron_chestplate":1,"minecraft:andesite":3,"minecraft:mossy_stone_bricks":8,"minecraft:yellow_bed":1,"minecraft:spider_eye":1,"minecraft:stone_bricks":6,"minecraft:bow":1,"minecraft:cyan_bed":1},"minecraft:picked_up":{"minecraft:flower_pot":3,"minecraft:diamond_sword":1,"minecraft:potion":24,"minecraft:stone_brick_stairs":1,"minecraft:brewing_stand":1,"duneons:highblockhallsdoor":1,"securitycraft:reinforced_white_concrete":1,"minecraft:string":8,"minecraft:smooth_stone_slab":1,"minecraft:diamond_leggings":1,"minecraft:black_shulker_box":2,"minecraft:spruce_planks":48,"minecraft:rose_bush":2,"minecraft:cobblestone_slab":1,"minecraft:calcite":2,"minecraft:coal_block":4,"minecraft:furnace":1,"minecraft:stick":28,"minecraft:torch":1,"born_in_chaos_v1:black_argillite_brick_stairs":2,"minecraft:stone_sword":2,"minecraft:rotten_flesh":20,"expanded_structures:block_stand":45,"minecraft:white_terracotta":13,"expanded_structures:light_crystal":1,"minecraft:deepslate_brick_stairs":1,"duneons:statue":2,"minecraft:iron_bars":5,"minecraft:cobblestone":60,"minecraft:feather":2,"minecraft:iron_door":2,"minecraft:andesite":3,"minecraft:gray_concrete":2,"minecraft:dirt":12,"minecraft:lantern":2,"minecraft:leather_boots":1,"minecraft:bone":36,"minecraft:bow":1,"minecraft:wheat_seeds":21,"minecraft:deepslate_brick_slab":3,"minecraft:cobbled_deepslate_slab":3,"minecraft:mossy_stone_bricks":8,"minecraft:moss_block":1,"expanded_structures:corrupted_log":7,"minecraft:oak_planks":2,"minecraft:cooked_porkchop":18,"minecraft:music_disc_13":1,"duneons:dungeonscharredcobblestoneslab":1,"duneons:sugarrush":1,"minecraft:sand":24,"minecraft:stripped_spruce_log":5,"duneons:diamondpickaxedungeon":1,"minecraft:cyan_bed":1,"minecraft:dark_oak_log":2,"minecraft:mossy_cobblestone":1,"expanded_structures:corrupted_trap_door":1,"minecraft:light_gray_terracotta":1,"graveyard:upper_bone_staff":2,"minecraft:stripped_acacia_log":1,"minecraft:light_gray_concrete":2,"minecraft:polished_andesite":8,"minecraft:diamond":1,"securitycraft:reinforced_blue_concrete":1,"minecraft:lever":2,"minecraft:golden_apple":1,"minecraft:white_concrete":1,"minecraft:emerald":1,"minecraft:crimson_roots":1,"duneons:highlandberries":15,"minecraft:redstone_lamp":1,"duneons:sanctumstone":1,"minecraft:gold_block":5,"minecraft:orange_banner":1,"minecraft:chain":1,"born_in_chaos_v1:fired_black_argillite":2,"minecraft:cornflower":65,"minecraft:cracked_stone_bricks":4,"minecraft:beef":36,"minecraft:poppy":1,"expanded_structures:smashed_pumpkin":4,"minecraft:spruce_slab":7,"minecraft:spruce_trapdoor":1,"minecraft:raw_iron":3,"minecraft:polished_deepslate_slab":3,"expanded_structures:corrupted_doubloon":1,"minecraft:raw_gold_block":6,"minecraft:copper_ingot":1,"duneons:great_hammer":1,"minecraft:stone_button":7,"born_in_chaos_v1:pieceofdarkmetal":2,"minecraft:carrot":43,"minecraft:redstone":5,"minecraft:mushroom_stem":1,"expanded_structures:ender_shard_block":1,"minecraft:tnt":2,"minecraft:arrow":21,"minecraft:diamond_chestplate":2,"minecraft:cooked_cod":60,"minecraft:hay_block":2,"minecraft:black_banner":1,"minecraft:gold_ingot":4,"duneons:halberd":1,"minecraft:mutton":3,"minecraft:white_wool":2,"twilightforest:darkwood_sapling":1,"born_in_chaos_v1:fused_bone":1,"born_in_chaos_v1:corpse_maggot":3,"minecraft:mud_bricks":4,"minecraft:leather":25,"expanded_structures:ender_shard":2,"minecraft:torchflower":1,"graveyard:small_light_gray_urn":1,"minecraft:oak_log":1,"minecraft:yellow_bed":1,"minecraft:gunpowder":6,"minecraft:white_banner":2,"minecraft:piglin_head":1,"minecraft:light_blue_banner":1,"minecraft:stone_bricks":6,"minecraft:glass_bottle":1,"expanded_structures:refined_brick":2,"minecraft:iron_sword":1,"twilightforest:mangrove_sapling":1,"minecraft:book":158,"minecraft:emerald_block":28,"duneons:dungeonscharredcobblestone":2,"minecraft:pitcher_plant":1,"born_in_chaos_v1:ethereal_spirit":1,"minecraft:dandelion":1,"minecraft:gravel":2,"minecraft:spruce_sapling":5,"duneons:spookysword":2,"travelersbackpack:blue_sleeping_bag":5,"minecraft:red_banner":1,"minecraft:blast_furnace":1,"minecraft:spruce_log":105,"graveyard:middle_bone_staff":1,"minecraft:spider_eye":1,"minecraft:gray_banner":1,"duneons:spideregg":1,"expanded_structures:sandy_refined_brick":2,"minecraft:mossy_cobblestone_stairs":1,"minecraft:coal":106,"minecraft:ender_pearl":1},"minecraft:crafted":{"duneons:featherblue":1,"minecraft:smooth_stone":3,"minecraft:oak_planks":4,"travelersbackpack:crafting_upgrade":1,"minecraft:stone":3,"duneons:randombox":4,"minecraft:glass":29,"duneons:randomatoolbox":2,"minecraft:chest":6,"travelersbackpack:iron_tier_upgrade":1,"minecraft:arrow":12,"minecraft:emerald":54,"minecraft:diamond_axe":1,"minecraft:crafting_table":6,"minecraft:spruce_planks":312,"travelersbackpack:standard":2,"minecraft:raw_gold_block":6,"minecraft:smithing_table":1,"minecraft:gold_block":65,"travelersbackpack:blue_sleeping_bag":1,"minecraft:emerald_block":6,"minecraft:stick":16,"duneons:gauntlet_wolf":1,"minecraft:leather_chestplate":3,"minecraft:iron_ingot":14,"minecraft:iron_pickaxe":1,"minecraft:gold_ingot":1089,"minecraft:coal":18,"minecraft:furnace":2,"minecraft:blast_furnace":1,"travelersbackpack:blank_upgrade":4,"travelersbackpack:gold_tier_upgrade":1,"minecraft:diamond":36,"duneons:skeletonhammer":1,"travelersbackpack:diamond_tier_upgrade":1,"minecraft:wheat":18,"minecraft:coal_block":11,"travelersbackpack:backpack_tank":4,"expanded_structures:ender_shard":9,"minecraft:bucket":1,"minecraft:bread":65,"minecraft:air":0,"minecraft:blue_dye":66,"minecraft:golden_apple":64,"minecraft:raw_gold":684,"minecraft:blue_wool":2,"minecraft:acacia_planks":4},"minecraft:killed":{"minecraft:cave_spider":15,"born_in_chaos_v1:restless_spirit":3,"minecraft:spider":4,"minecraft:skeleton":14,"graveyard:acolyte":27,"duneons:vangruardskeleton":2,"minecraft:zombie_villager":1,"minecraft:sheep":2,"minecraft:zombie":16,"minecraft:cow":18,"graveyard:revenant":1,"alexsmobs:seagull":1,"born_in_chaos_v1:maggot":5,"minecraft:horse":4,"minecraft:drowned":2,"duneons:frozenzombie":2,"born_in_chaos_v1:decrepit_skeleton":2,"expanded_structures:villager_outcast":46,"born_in_chaos_v1:nightmare_stalker":1}},"DataVersion":3465}